WORD,COUNT
#tg4lg,1095
bill,1621
congress,1450
county,1088
first,1060
good,1194
great,3977
happy,1117
help,1733
house,2056
http,1034
it's,1215
jobs,1155
join,1695
last,1164
like,1012
live,1332
make,1135
meeting,1030
morning,1329
need,1399
obama,1076
people,1254
president,1246
proud,1402
senate,1034
state,1264
support,2241
thank,1993
thanks,2286
time,1985
today,5876
tonight,1277
video,1007
vote,1954
watch,1484
women,1019
work,1402
